timestamp,traffic_rate,connection_count,resource_usage,failed_logins,is_attack,attack_type
2024-12-21T20:32:23.566049,534.8514340378093,64.65100674317443,0.5946981944408926,13,1,brute_force
2024-12-21T20:32:23.575309,557.3034030638029,39.23980281122867,0.3793778985082138,2,0,normal
2024-12-21T20:32:23.575309,521.5561451454417,59.63040947079588,0.4203473337443679,14,1,brute_force
2024-12-21T20:32:23.575309,549.3518251108347,51.72537887466728,0.629295155366318,0,0,normal
2024-12-21T20:32:23.575309,546.3141261276377,41.346228714282674,0.4327884053109454,1,0,normal
2024-12-21T20:32:23.575309,728.5477324069391,61.06209370990435,0.6955922046409941,14,1,brute_force
2024-12-21T20:32:23.575309,1923.9303248395408,161.61268165479694,0.9346630324965796,0,1,dos_attack
2024-12-21T20:32:23.575309,604.7561594732856,53.135471762556165,0.2789513425165502,0,0,normal
2024-12-21T20:32:23.575309,603.0471816399681,53.12907597625936,0.5406782101297419,2,0,normal
2024-12-21T20:32:23.575309,681.8016084457058,61.324358909770446,0.4262509344368186,12,1,brute_force
2024-12-21T20:32:23.566049,490.1743206537661,32.67813230550561,0.6670728788792017,2,0,normal
2024-12-21T20:32:23.575309,499.16209333647646,46.99186573853442,0.5079994853161133,2,0,normal
2024-12-21T20:32:23.575309,485.7141259963571,59.40502043034955,0.6387803664550011,1,0,normal
2024-12-21T20:32:23.575309,440.25148503071296,43.607672766646736,0.4268166577869542,2,0,normal
2024-12-21T20:32:23.575309,697.6923561606075,54.65647975486565,0.6490981811698215,11,1,brute_force
2024-12-21T20:32:23.575309,530.8367788000825,61.18995014726751,0.5676899840714151,0,0,normal
2024-12-21T20:32:23.575309,1667.9184608898772,143.0594885068739,0.9262310770466938,2,1,dos_attack
2024-12-21T20:32:23.575309,401.7739934965088,51.092561662883305,0.5179897579760442,0,0,normal
2024-12-21T20:32:23.575309,469.0796619211189,48.917225856667685,0.6187504208846336,8,1,brute_force
2024-12-21T20:32:23.575309,1775.0332769195263,148.01771716076053,0.952232684916272,4,1,dos_attack
2024-12-21T20:32:23.575309,468.6247011490192,40.07174464640512,0.6480393054451287,1,0,normal
2024-12-21T20:32:23.575309,695.5321612697392,33.198224281517255,0.4789002480801617,2,0,normal
2024-12-21T20:32:23.575309,698.4557140764887,33.21075906114394,0.3876891115407571,1,0,normal
2024-12-21T20:32:23.566049,398.95075892571145,45.93103269403706,0.4010328365390768,1,0,normal
2024-12-21T20:32:23.575309,1318.939929224116,135.72998697711728,0.9222209214773288,3,1,dos_attack
2024-12-21T20:32:23.566049,452.1745713629389,60.46524789843208,0.7758220619528093,14,1,brute_force
2024-12-21T20:32:23.575309,443.9838073543947,48.19534139739482,0.5288624143757429,2,0,normal
2024-12-21T20:32:23.575309,415.1073382652602,58.20957922329034,0.6800898906703883,2,0,normal
2024-12-21T20:32:23.575309,519.3128511481947,51.32389303606767,0.3940706451135545,0,0,normal
2024-12-21T20:32:23.575309,724.0182125196065,68.05714361333408,0.53236743710394,10,1,brute_force
2024-12-21T20:32:23.575309,549.8335219708995,50.04539392612549,0.5693023730901606,2,0,normal
2024-12-21T20:32:23.575309,449.15929998684055,52.029448751192106,0.8127781222717627,8,1,brute_force
2024-12-21T20:32:23.575309,482.4014119040807,44.12081011849911,0.4342651525433549,1,0,normal
2024-12-21T20:32:23.575309,571.4826237633679,44.90310424872435,0.4705210009724681,0,0,normal
2024-12-21T20:32:23.566049,554.6291977687838,66.37516802514418,0.489999594615351,1,0,normal
2024-12-21T20:32:23.566049,595.7126026606784,33.02175766695866,0.4499383533217248,1,0,normal
2024-12-21T20:32:23.575309,361.6780296906036,58.82660153509689,0.4438157251829547,0,0,normal
2024-12-21T20:32:23.575309,731.2269274778014,61.62138711070192,0.7149814966787201,14,1,brute_force
2024-12-21T20:32:23.575309,479.65099933049646,46.44468007049927,0.6142590071607592,0,0,normal
2024-12-21T20:32:23.575309,572.2509457708974,60.72603763590649,0.5612346151528562,2,0,normal
2024-12-21T20:32:23.566049,1817.893541477321,148.5982092952976,0.9638875551134825,2,1,dos_attack
2024-12-21T20:32:23.575309,610.958894521477,60.599020715930976,0.4165291612119979,2,0,normal
2024-12-21T20:32:23.575309,461.65545332425006,76.11527274528385,0.7560548333894326,9,1,brute_force
2024-12-21T20:32:23.575309,1502.0083032446676,176.11183823833596,0.9500161803454692,1,1,dos_attack
2024-12-21T20:32:23.575309,538.5250442880998,66.23421489149396,0.4623018163560856,1,0,normal
2024-12-21T20:32:23.575309,507.46834927388727,58.10156546731063,0.4320829212181111,1,0,normal
2024-12-21T20:32:23.575309,477.5428816298291,71.05073260659881,0.5186240543702997,1,0,normal
2024-12-21T20:32:23.566049,469.7718333393736,60.1076025299512,0.4079519982003415,1,0,normal
2024-12-21T20:32:23.566049,478.7225023167416,39.34730571079811,0.3425553587282864,2,0,normal
2024-12-21T20:32:23.575309,436.1372341349978,42.16742329233825,0.3259444037308757,2,0,normal
2024-12-21T20:32:23.566049,784.9138435696627,46.24651992203125,0.4502120035989452,1,0,normal
2024-12-21T20:32:23.575309,665.6640888117786,50.96839793782805,0.4175035939987766,1,0,normal
2024-12-21T20:32:23.575309,376.1622809197979,41.251810780338296,0.4960229229456435,0,0,normal
2024-12-21T20:32:23.575309,491.7759821756192,52.27066437921984,0.4298876222004624,2,0,normal
2024-12-21T20:32:23.575309,369.0473863275481,38.99656815955549,0.383622683202857,1,0,normal
2024-12-21T20:32:23.575309,525.2834502477359,43.06814984800383,0.5241049953910798,1,0,normal
2024-12-21T20:32:23.575309,502.58498044814206,66.46847259335833,0.3710566254414908,0,0,normal
2024-12-21T20:32:23.575309,1530.6417210466575,164.33061679405253,0.9596278406788452,2,1,dos_attack
2024-12-21T20:32:23.575309,450.31395868946703,41.33479518770798,0.5203365598907662,0,0,normal
2024-12-21T20:32:23.566049,562.1908536238407,38.587613781135175,0.5327422612384863,1,0,normal
2024-12-21T20:32:23.575309,339.02196543753735,42.27191909003722,0.3860674374536439,0,0,normal
2024-12-21T20:32:23.575309,634.6111441290144,65.50821866424923,0.3846618555221854,0,0,normal
2024-12-21T20:32:23.575309,521.0352030971144,48.68999854189265,0.3152058851054928,2,0,normal
2024-12-21T20:32:23.575309,342.5340879851836,53.0520260143348,0.6359416641587989,1,0,normal
2024-12-21T20:32:23.575309,414.8055767380404,43.67269811375036,0.6518814050024831,1,0,normal
2024-12-21T20:32:23.575309,464.9290636908213,46.411760383583164,0.3198176927737021,1,0,normal
2024-12-21T20:32:23.575309,1718.9707335395483,158.83385431757014,0.9004033023030311,4,1,dos_attack
2024-12-21T20:32:23.575309,500.6513423525149,52.87714019284076,0.5588795351407297,2,0,normal
2024-12-21T20:32:23.575309,481.9196133375335,48.12307501721985,0.609937232484161,0,0,normal
2024-12-21T20:32:23.575309,698.1926265604959,69.44780419230571,0.3031214998016335,2,0,normal
2024-12-21T20:32:23.575309,692.8221985877298,71.51330785499171,0.7479701821826014,13,1,brute_force
2024-12-21T20:32:23.575309,379.9340670670199,54.26498559930785,0.453227128883571,1,0,normal
2024-12-21T20:32:23.575309,477.3572664282215,30.372814560228186,0.6092891509538003,0,0,normal
2024-12-21T20:32:23.575309,447.9384709472752,48.21029498972441,0.5158783728479882,1,0,normal
2024-12-21T20:32:23.575309,518.3376024139155,50.76098599388861,0.5919830869267829,13,1,brute_force
2024-12-21T20:32:23.566049,359.4490154435477,47.51847032929494,0.514233805360071,2,0,normal
2024-12-21T20:32:23.575309,1498.4923650104006,128.9823179187018,0.964923109146268,0,1,dos_attack
2024-12-21T20:32:23.575309,1416.125401799219,139.47311717620778,0.9360866188038928,0,1,dos_attack
2024-12-21T20:32:23.566049,349.49279399382704,34.48506496647677,0.4280384650961437,1,0,normal
2024-12-21T20:32:23.575309,512.7688020092626,41.73902408549689,0.3535400079607235,2,0,normal
2024-12-21T20:32:23.575309,606.7923989168545,71.83237755968986,0.7270127189562446,11,1,brute_force
2024-12-21T20:32:23.575309,636.3911574101145,63.98271660721112,0.4349096624788968,1,0,normal
2024-12-21T20:32:23.575309,337.28966279451595,54.688812339037554,0.4393113521718998,2,0,normal
2024-12-21T20:32:23.575309,602.9127764202863,72.30932696648567,0.7739893775366359,14,1,brute_force
2024-12-21T20:32:23.575309,478.6716390057154,70.79403072016456,0.6860474002077989,11,1,brute_force
2024-12-21T20:32:23.575309,525.0008765505398,35.93535486364141,0.3542841175351668,2,0,normal
2024-12-21T20:32:23.575309,1645.5909995338045,150.36950379097215,0.940849717354123,4,1,dos_attack
2024-12-21T20:32:23.575309,508.7613636959512,51.16949973191662,0.2398800679719278,0,0,normal
2024-12-21T20:32:23.575309,1238.5634287365244,144.96999716480204,0.953948539259156,1,1,dos_attack
2024-12-21T20:32:23.575309,518.9428020567578,47.16900315330928,0.5177742866804356,0,0,normal
2024-12-21T20:32:23.575309,457.5722559239892,46.51156434804995,0.4461585969925231,1,0,normal
2024-12-21T20:32:23.575309,459.2935631541842,69.65651646216438,0.5845264544505908,9,1,brute_force
2024-12-21T20:32:23.575309,525.1182569610854,60.52814091313727,0.7428199504777196,13,1,brute_force
2024-12-21T20:32:23.575309,482.9213280580614,64.14274840646524,0.4733672334818515,1,0,normal
2024-12-21T20:32:23.575309,666.5576957524331,36.99569977667325,0.4896475527280821,1,0,normal
2024-12-21T20:32:23.575309,570.9269218011291,64.93501742934588,0.5788728235206663,12,1,brute_force
2024-12-21T20:32:23.575309,527.1311346824774,38.818133342559904,0.550962219767122,0,0,normal
2024-12-21T20:32:23.575309,1624.9987775523489,173.1052909162087,0.9294558945574708,0,1,dos_attack
2024-12-21T20:32:23.566049,437.7149194645469,58.8208770701499,0.6780331676805674,0,0,normal
2024-12-21T20:32:23.575309,512.9576069332288,57.25522840718836,0.7082027412854748,14,1,brute_force
2024-12-21T20:32:23.575309,635.7465560497058,59.84153903161357,0.7134418695173216,12,1,brute_force
2024-12-21T20:32:23.575309,1993.2584107513228,160.22426942234006,0.9729914603687424,0,1,dos_attack
2024-12-21T20:32:23.575309,441.2191373089109,56.05544146292814,0.3037701775685923,1,0,normal
2024-12-21T20:32:23.575309,599.575506906223,52.395280658173306,0.5742423728005248,0,0,normal
2024-12-21T20:32:23.575309,532.231037686236,53.54543859510614,0.5465491033042668,0,0,normal
2024-12-21T20:32:23.575309,458.9936588951475,53.28522499710093,0.5429933152348966,0,0,normal
2024-12-21T20:32:23.575309,574.4692216739787,68.15776363835352,0.4696839989610524,1,0,normal
2024-12-21T20:32:23.575309,490.6556948073705,60.6532756477922,0.5601156262541398,1,0,normal
2024-12-21T20:32:23.575309,399.47775746862,51.21512603247757,0.4652677361017136,1,0,normal
2024-12-21T20:32:23.575309,622.718350359089,51.46605547604804,0.4577904026828162,2,0,normal
2024-12-21T20:32:23.575309,605.061355598029,49.062131296852,0.4173028924597768,2,0,normal
2024-12-21T20:32:23.575309,463.4946233690124,45.58582557931861,0.5028533995521567,0,0,normal
2024-12-21T20:32:23.575309,465.7433445281808,56.95507300670864,0.4787401679801067,0,0,normal
2024-12-21T20:32:23.575309,620.8634034061736,44.38587586111553,0.3315725394541071,0,0,normal
2024-12-21T20:32:23.575309,1850.0339838907485,204.6472378787771,0.9545140493560776,2,1,dos_attack
2024-12-21T20:32:23.575309,485.7823880927076,51.36855978253559,0.4719501453205558,0,0,normal
2024-12-21T20:32:23.575309,480.51801425497257,59.81560506063754,0.5546308687944187,2,0,normal
2024-12-21T20:32:23.575309,527.0731087534716,59.4990176079076,0.7717301589740765,12,1,brute_force
2024-12-21T20:32:23.575309,579.3912114949915,72.90497651546909,0.4099523722926669,2,0,normal
2024-12-21T20:32:23.575309,450.4327558584229,77.20479769808685,0.9201099223706168,11,1,brute_force
2024-12-21T20:32:23.566049,507.0960492059405,29.87844025870184,0.392264608487675,1,0,normal
2024-12-21T20:32:23.575309,447.6665797303085,55.65893727120073,0.3933706086729333,2,0,normal
2024-12-21T20:32:23.575309,574.8171125985609,44.21146031541709,0.655830916348053,1,0,normal
2024-12-21T20:32:23.575309,1431.3551416320115,165.40557990340122,0.9693195431581466,0,1,dos_attack
2024-12-21T20:32:23.575309,552.1279507035076,65.59664823497467,0.5627937576953337,2,0,normal
2024-12-21T20:32:23.575309,469.67942156152793,50.59669935729772,0.4530181248689644,0,0,normal
2024-12-21T20:32:23.575309,366.7850124485591,45.91454273630581,0.6527843775521951,2,0,normal
2024-12-21T20:32:23.575309,524.0113714647347,39.48499347440728,0.4257783954831908,1,0,normal
2024-12-21T20:32:23.575309,545.7683260328223,58.25438695448175,0.453782488349003,1,0,normal
2024-12-21T20:32:23.575309,664.5003771322672,44.916634197619295,0.5193037751090983,0,0,normal
2024-12-21T20:32:23.575309,400.426342430953,55.77018793363254,0.4088228486118145,1,0,normal
2024-12-21T20:32:23.575309,1519.4128892295969,164.1906671156677,0.9275154171076192,0,1,dos_attack
2024-12-21T20:32:23.575309,489.0118938955285,43.14081897605711,0.6719336699547138,8,1,brute_force
2024-12-21T20:32:23.575309,498.6192257305236,42.95986310613371,0.6446611896818508,2,0,normal
2024-12-21T20:32:23.566049,774.7251954712651,56.284670179389686,0.6479734566028418,14,1,brute_force
2024-12-21T20:32:23.575309,368.7797174998973,46.44889226382952,0.449806661582441,1,0,normal
2024-12-21T20:32:23.575309,694.3733481882318,71.87990336990913,0.4565288377050834,10,1,brute_force
2024-12-21T20:32:23.575309,414.5018686880833,70.69344350097876,0.5051558707393545,1,0,normal
2024-12-21T20:32:23.575309,561.3532352132771,52.43469524151872,0.5822010585259418,2,0,normal
2024-12-21T20:32:23.575309,491.6237713031095,47.85514926929516,0.5603145440724743,2,0,normal
2024-12-21T20:32:23.575309,1870.7229339175287,130.28862375920002,0.9467447510287448,3,1,dos_attack
2024-12-21T20:32:23.575309,1520.0785473308647,169.8244272814339,0.924366963901495,1,1,dos_attack
2024-12-21T20:32:23.575309,497.6609715868252,43.83095720719419,0.6219697801453782,2,0,normal
2024-12-21T20:32:23.575309,560.6813570446266,37.95427509051336,0.3830980594905783,2,0,normal
2024-12-21T20:32:23.575309,532.9353225915912,62.08589395405836,0.4889960357221365,2,0,normal
2024-12-21T20:32:23.575309,1520.518041900484,126.17414991937213,0.9477352830677968,4,1,dos_attack
2024-12-21T20:32:23.575309,330.196975994534,49.17119526411124,0.5729063123305784,1,0,normal
2024-12-21T20:32:23.575309,552.5647154101969,48.13489357763181,0.4442692668585352,2,0,normal
2024-12-21T20:32:23.566049,690.6921455457993,71.61974402852562,0.6405320704533423,0,0,normal
2024-12-21T20:32:23.575309,608.49701596808,42.494759436204816,0.4956659858919801,2,0,normal
2024-12-21T20:32:23.575309,1663.1570080093873,130.2435005685009,0.994961929346356,1,1,dos_attack
2024-12-21T20:32:23.575309,409.2666975516631,48.48467725658784,0.4345787612006461,0,0,normal
2024-12-21T20:32:23.575309,402.343549435736,38.28187805432059,0.5596661235302717,0,0,normal
2024-12-21T20:32:23.566049,540.8984377679344,59.94482100550591,0.5158867870267876,1,0,normal
2024-12-21T20:32:23.575309,362.83739024633087,49.26692988357744,0.4514609043880964,0,0,normal
2024-12-21T20:32:23.575309,548.3139021439533,41.46374051036104,0.4898338089199917,1,0,normal
2024-12-21T20:32:23.575309,1434.8472326670287,143.77539614111592,0.9913911403058648,0,1,dos_attack
2024-12-21T20:32:23.575309,1625.3369774936482,162.59691453030112,0.9340375818359282,3,1,dos_attack
2024-12-21T20:32:23.575309,487.9480438333634,74.11824515516471,0.5977675150487637,10,1,brute_force
2024-12-21T20:32:23.575309,562.3095744580081,52.71223375123672,0.5787374929437388,2,0,normal
2024-12-21T20:32:23.575309,1479.1975635878975,155.42929496022103,0.9475417997895212,4,1,dos_attack
2024-12-21T20:32:23.575309,1649.94331542265,148.5256402634813,0.939700830190786,1,1,dos_attack
2024-12-21T20:32:23.575309,465.2220573842836,30.98247946625921,0.4884132789143652,0,0,normal
2024-12-21T20:32:23.575309,499.61057559183536,61.44026801486125,0.5061810544826245,10,1,brute_force
2024-12-21T20:32:23.575309,738.7042981464854,48.32008734943696,0.389361096975242,1,0,normal
2024-12-21T20:32:23.566049,435.32118553462215,38.89942603603053,0.4272141169331279,0,0,normal
2024-12-21T20:32:23.575309,640.8212473311632,48.80045060769599,0.4173364285652917,0,0,normal
2024-12-21T20:32:23.575309,607.0049044146828,42.50304256746873,0.6150131858993403,1,0,normal
2024-12-21T20:32:23.575309,1324.672768956062,169.46046053319475,0.9317443405761668,3,1,dos_attack
2024-12-21T20:32:23.575309,568.4891925265099,38.0645035426972,0.4108561484577905,2,0,normal
2024-12-21T20:32:23.575309,457.4089960182528,42.38968357727344,0.2245872827943901,0,0,normal
2024-12-21T20:32:23.575309,424.5510792153467,67.32486934420344,0.5675179818927746,12,1,brute_force
2024-12-21T20:32:23.575309,454.9514092788689,53.93002163607719,0.4678289180465582,2,0,normal
2024-12-21T20:32:23.575309,448.8483517806357,79.05124104762783,0.6077244587873661,2,0,normal
2024-12-21T20:32:23.566049,1576.9520467924242,140.8692513695582,0.9703633790738514,2,1,dos_attack
2024-12-21T20:32:23.575309,1364.3538539675055,154.87071459394312,0.9588538332522744,0,1,dos_attack
2024-12-21T20:32:23.575309,696.2260131407371,57.6385985826438,0.4994263233860398,11,1,brute_force
2024-12-21T20:32:23.566049,613.6846233188775,54.159546971543854,0.5795228187456583,1,0,normal
2024-12-21T20:32:23.575309,253.74676648070923,33.094345639356185,0.5637602756784302,0,0,normal
2024-12-21T20:32:23.575309,510.8813440805732,48.11834413718872,0.5838279230301355,0,0,normal
2024-12-21T20:32:23.575309,478.8830539024776,49.97988922001992,0.5506750055275101,1,0,normal
2024-12-21T20:32:23.575309,489.97552062892055,44.7675092509441,0.5413883497679045,2,0,normal
2024-12-21T20:32:23.575309,670.3127738131266,46.51076097581357,0.4820705346030788,0,0,normal
2024-12-21T20:32:23.575309,1453.9767982006983,116.1050113680744,0.9103687396334076,0,1,dos_attack
2024-12-21T20:32:23.575309,647.4523767841271,53.64553700354918,0.4810556190277463,1,0,normal
2024-12-21T20:32:23.575309,439.4531335336128,68.9821832578228,0.5474732260643641,0,0,normal
2024-12-21T20:32:23.575309,1664.0173937362113,186.11645326765668,0.9371914594632792,4,1,dos_attack
2024-12-21T20:32:23.575309,630.1901842578018,42.45888660621583,0.5666800686160636,0,0,normal
2024-12-21T20:32:23.575309,564.2698955700628,57.62674670463274,0.4902695062658025,11,1,brute_force
2024-12-21T20:32:23.575309,1177.5401946567345,154.22431283859186,0.9755407688785516,4,1,dos_attack
2024-12-21T20:32:23.575309,512.6458442674248,73.03606901682883,0.5241929763254303,2,0,normal
2024-12-21T20:32:23.566049,1511.2300841112287,128.5967127671756,0.9542813648843012,3,1,dos_attack
2024-12-21T20:32:23.575309,771.9259437553718,49.81513409927729,0.3720812155812193,1,0,normal
2024-12-21T20:32:23.575309,566.754474240438,73.46309957010588,0.4468322673981867,0,0,normal
2024-12-21T20:32:23.575309,1608.076035759664,136.9621235225722,0.957825335094412,4,1,dos_attack
2024-12-21T20:32:23.566049,470.3069875161255,44.743999298509536,0.4850272234477322,1,0,normal
2024-12-21T20:32:23.575309,1716.175241523674,155.1465022294236,0.9601789447249174,4,1,dos_attack
2024-12-21T20:32:23.575309,615.6259224107689,62.90018505639689,0.5572555901286972,12,1,brute_force
2024-12-21T20:32:23.575309,709.0541335304267,53.299709327878986,0.6183603579512358,10,1,brute_force
2024-12-21T20:32:23.575309,476.7615572042749,59.163010882066985,0.3454372370987559,2,0,normal
2024-12-21T20:32:23.566049,1201.312018182614,130.24375013090025,0.953274193570695,0,1,dos_attack
2024-12-21T20:32:23.575309,1485.4487132981744,175.40545137126983,0.9690155652328508,0,1,dos_attack
2024-12-21T20:32:23.575309,353.78649764583434,40.87007967846381,0.337001977098352,0,0,normal
2024-12-21T20:32:23.575309,667.4270418215592,55.37216971749953,0.6799684468288111,13,1,brute_force
2024-12-21T20:32:23.575309,538.6087384087456,65.6480336956992,0.763468166435931,9,1,brute_force
2024-12-21T20:32:23.575309,386.793012218122,50.58655155169706,0.6373654943890797,2,0,normal
2024-12-21T20:32:23.575309,759.568792197927,52.53458611424272,0.7158555816180894,12,1,brute_force
2024-12-21T20:32:23.575309,495.4640402265363,44.55709337572979,0.5155483895944322,0,0,normal
2024-12-21T20:32:23.566049,506.6707999670475,62.33094332724949,0.5234791763555663,0,0,normal
2024-12-21T20:32:23.575309,449.5595246153128,46.87330886898748,0.5418197718767117,2,0,normal
2024-12-21T20:32:23.575309,726.1899230163461,78.4298979741034,0.572252209140579,13,1,brute_force
2024-12-21T20:32:23.575309,579.7548454392092,24.681121723265733,0.5284602490747327,2,0,normal
2024-12-21T20:32:23.575309,645.9791677804538,63.78490683733714,0.4771649122722211,1,0,normal
2024-12-21T20:32:23.575309,405.5801620016807,36.001534701198345,0.6561397881637634,2,0,normal
2024-12-21T20:32:23.575309,759.4419738243274,48.81345700947784,0.4094333941129515,11,1,brute_force
2024-12-21T20:32:23.575309,658.1603371914559,37.35432906705582,0.5698168500019063,2,0,normal
2024-12-21T20:32:23.575309,1745.202940256324,143.95138248448075,0.9775117693147644,2,1,dos_attack
2024-12-21T20:32:23.575309,948.2789225063466,191.9006908721645,0.9253950066988776,1,1,dos_attack
2024-12-21T20:32:23.575309,433.26284607551554,43.67016761696023,0.3918625808618809,0,0,normal
2024-12-21T20:32:23.575309,515.7045144176354,59.48663829574311,0.5599401493444337,2,0,normal
2024-12-21T20:32:23.566049,385.7419458949723,40.0015644438132,0.7020906869675524,1,0,normal
2024-12-21T20:32:23.575309,455.4716093746948,48.02536042283632,0.4354638709311585,1,0,normal
2024-12-21T20:32:23.575309,685.6270922069264,65.84514739832824,0.5920070252229384,8,1,brute_force
2024-12-21T20:32:23.575309,470.77388229887,54.94374045013643,0.6606122963181166,0,0,normal
2024-12-21T20:32:23.575309,678.1029851346175,52.89904332891717,0.4441763155805281,1,0,normal
2024-12-21T20:32:23.575309,457.26004173909735,37.36575419066354,0.5953823092784993,2,0,normal
2024-12-21T20:32:23.566049,631.5654520573955,48.576650875827234,0.3848051635346984,1,0,normal
2024-12-21T20:32:23.566049,515.8053208617735,53.78043347299707,0.496431977049475,0,0,normal
2024-12-21T20:32:23.575309,575.8933948659218,35.69181227099787,0.5204591184897466,2,0,normal
2024-12-21T20:32:23.575309,270.8079362059433,76.73870867517073,0.4198633927799362,0,0,normal
2024-12-21T20:32:23.575309,444.3424571663114,54.06051873447757,0.4557791381202253,0,0,normal
2024-12-21T20:32:23.575309,423.9870460592427,50.35292629802145,0.6817482901547253,0,0,normal
2024-12-21T20:32:23.575309,673.7069196144776,78.07679257825924,0.4586755804185067,11,1,brute_force
2024-12-21T20:32:23.575309,634.396600683516,34.47171149367004,0.5258826980805708,0,0,normal
2024-12-21T20:32:23.575309,556.2806695436383,35.52137428483758,0.3872981523885916,1,0,normal
2024-12-21T20:32:23.566049,544.5755416556716,20.97047718939613,0.3374075656452157,2,0,normal
2024-12-21T20:32:23.575309,380.4319842503205,45.63329661619341,0.6141977845510325,1,0,normal
2024-12-21T20:32:23.575309,569.9711795625062,52.194642073702006,0.3515530543028554,1,0,normal
2024-12-21T20:32:23.575309,475.61676858312296,70.3983264423712,0.3050109761166487,0,0,normal
2024-12-21T20:32:23.575309,478.542392667899,47.84826732894816,0.3874236848270037,1,0,normal
2024-12-21T20:32:23.575309,401.6475759679139,76.68351380416951,0.5442991740912045,10,1,brute_force
2024-12-21T20:32:23.575309,370.9375540014341,58.2863638904498,0.3720996968008274,1,0,normal
2024-12-21T20:32:23.575309,574.329105312449,39.25691274706092,0.5113014172770958,0,0,normal
2024-12-21T20:32:23.575309,510.4807071456768,51.35127440568437,0.500545609690055,2,0,normal
2024-12-21T20:32:23.575309,533.3043878405832,47.238600654531325,0.500123710086594,1,0,normal
2024-12-21T20:32:23.575309,739.3752746994703,40.74968406045663,0.4760818466598093,2,0,normal
2024-12-21T20:32:23.575309,567.5283731690961,58.39434457005552,0.3780965146345132,0,0,normal
2024-12-21T20:32:23.575309,605.6879036825479,38.85752024421539,0.438786176380138,0,0,normal
2024-12-21T20:32:23.575309,574.6574951953919,39.71333884153656,0.751880924426734,1,0,normal
2024-12-21T20:32:23.575309,610.6073251764993,66.64017570492699,0.4410471616743789,9,1,brute_force
2024-12-21T20:32:23.575309,429.85568676013895,51.37170904270681,0.4889430823602321,2,0,normal
2024-12-21T20:32:23.575309,469.6827641377598,58.65929299314353,0.5508704380190339,2,0,normal
2024-12-21T20:32:23.575309,488.3472879668862,62.10927116045544,0.6184789089935917,0,0,normal
2024-12-21T20:32:23.575309,613.330210694556,57.897480344724045,0.6009362460152886,13,1,brute_force
2024-12-21T20:32:23.575309,506.713365062159,70.66787920368746,0.5873558717000767,0,0,normal
2024-12-21T20:32:23.575309,565.0321436457383,43.605951576034286,0.5634538104092295,2,0,normal
2024-12-21T20:32:23.575309,534.9438926639758,34.572543513792894,0.5262916862153093,0,0,normal
2024-12-21T20:32:23.575309,421.151895543362,43.255685145603096,0.4025069200096285,1,0,normal
2024-12-21T20:32:23.575309,534.2314147403827,41.19916905915614,0.6147388311797932,1,0,normal
2024-12-21T20:32:23.575309,1562.1489211353462,156.0558117260725,0.931094952632199,4,1,dos_attack
2024-12-21T20:32:23.566049,385.68989164150616,50.49447990664834,0.6615015779063901,2,0,normal
2024-12-21T20:32:23.575309,293.2071783825115,27.215615225204395,0.4630451013544976,0,0,normal
2024-12-21T20:32:23.575309,511.1383479757748,64.30490737894274,0.6836580109435473,1,0,normal
2024-12-21T20:32:23.575309,473.4130335153904,39.72281062117872,0.4990455729387442,1,0,normal
2024-12-21T20:32:23.575309,536.3920455669341,57.95732699226015,0.6912495618554921,12,1,brute_force
2024-12-21T20:32:23.575309,492.13027078822887,48.7588056658925,0.5469335334121852,1,0,normal
2024-12-21T20:32:23.575309,527.775251150077,53.65912205006799,0.4457797710088487,1,0,normal
2024-12-21T20:32:23.575309,304.06087544979107,45.3911018674204,0.5320211068906637,1,0,normal
2024-12-21T20:32:23.575309,1769.72170771426,155.35981492037362,1.0156193500163382,2,1,dos_attack
2024-12-21T20:32:23.575309,735.2942243475669,43.147396153959775,0.4368748033437541,0,0,normal
2024-12-21T20:32:23.575309,709.4079770989399,45.132863177696095,0.6209377300295351,14,1,brute_force
2024-12-21T20:32:23.566049,767.8546397883655,28.79976791953558,0.576315251837535,13,1,brute_force
2024-12-21T20:32:23.575309,390.0202162324539,49.37483199295298,0.5128013642996713,2,0,normal
2024-12-21T20:32:23.566049,490.6509528768771,54.67069149902007,0.4858654542417107,2,0,normal
2024-12-21T20:32:23.575309,355.6774459649589,54.03149859879437,0.750558882334194,1,0,normal
2024-12-21T20:32:23.575309,611.5569222140721,50.15017164237134,0.5024294940600778,0,0,normal
2024-12-21T20:32:23.575309,598.3990074590359,42.16526273212055,0.4469343666175401,0,0,normal
2024-12-21T20:32:23.575309,594.0467535069608,33.418832118917365,0.3603039657696003,1,0,normal
2024-12-21T20:32:23.575309,1664.65589286569,147.3919632192071,0.9701983290247062,0,1,dos_attack
2024-12-21T20:32:23.575309,471.9690609924437,46.729493956420015,0.3164811889126618,2,0,normal
2024-12-21T20:32:23.575309,469.2012478953527,53.28859663116001,0.5339078861264551,2,0,normal
2024-12-21T20:32:23.566049,460.41773894133934,53.384617630851295,0.6985159244346463,2,0,normal
2024-12-21T20:32:23.566049,531.805798284608,49.30951986328871,0.5989064998842413,8,1,brute_force
2024-12-21T20:32:23.575309,651.9465211949909,48.57358835542601,0.4567481812696979,0,0,normal
2024-12-21T20:32:23.575309,387.0142077237711,54.99619354034085,0.5294768326267899,1,0,normal
2024-12-21T20:32:23.566049,461.0745274927176,62.8184097412221,0.576846962730858,14,1,brute_force
2024-12-21T20:32:23.566049,358.6029158030904,47.171706702830775,0.4852855661835954,1,0,normal
2024-12-21T20:32:23.575309,427.5530186039831,36.88611717812893,0.5381042937895744,1,0,normal
2024-12-21T20:32:23.575309,797.7149516107785,61.74218793547112,0.564562621677283,12,1,brute_force
2024-12-21T20:32:23.575309,409.4627981700396,52.1471071871368,0.5281342986892612,0,0,normal
2024-12-21T20:32:23.575309,361.8937073027289,55.40743290043004,0.4414957363255169,2,0,normal
2024-12-21T20:32:23.575309,559.343856566309,49.03261093096912,0.559937163786419,2,0,normal
2024-12-21T20:32:23.575309,1468.3728068981716,153.73464026368467,0.9483326355746636,3,1,dos_attack
2024-12-21T20:32:23.575309,405.1797065657666,56.78779524400419,0.4644098018992196,1,0,normal
2024-12-21T20:32:23.575309,583.803380047853,59.13862242081097,0.4856338204971737,0,0,normal
2024-12-21T20:32:23.575309,425.8774170419452,42.65193065403759,0.5131807960070814,1,0,normal
2024-12-21T20:32:23.575309,586.8223644509025,71.33177782879157,0.6952171018330444,14,1,brute_force
2024-12-21T20:32:23.575309,1552.436274387313,144.3061055403405,0.9188792600955517,0,1,dos_attack
2024-12-21T20:32:23.575309,458.2883204345858,37.47037857920424,0.5767593555918509,0,0,normal
2024-12-21T20:32:23.575309,416.5679193276902,59.22905592974664,0.5599850366296011,2,0,normal
2024-12-21T20:32:23.575309,556.0113962143267,62.36167082857319,0.6553185446546228,14,1,brute_force
2024-12-21T20:32:23.575309,421.17715180419486,54.81012802340044,0.5866779825925043,0,0,normal
2024-12-21T20:32:23.575309,376.1741628598914,25.503457461257348,0.5517592775523269,0,0,normal
2024-12-21T20:32:23.575309,365.7201708952508,49.76734732693236,0.3972560629918369,1,0,normal
2024-12-21T20:32:23.575309,417.7955905203302,45.50369581809576,0.4719716783888091,2,0,normal
2024-12-21T20:32:23.575309,490.0234116188667,41.56891706677894,0.6361378310145615,2,0,normal
2024-12-21T20:32:23.575309,473.6092252213249,48.86103058225977,0.4370118349289065,2,0,normal
2024-12-21T20:32:23.575309,529.3204275643108,43.22488722124179,0.455269500959696,0,0,normal
2024-12-21T20:32:23.575309,542.3730746333193,61.32530434865021,0.6415726442701379,1,0,normal
2024-12-21T20:32:23.575309,1635.84013870837,165.28725692757763,0.9506356347443076,4,1,dos_attack
2024-12-21T20:32:23.575309,454.62793852152566,75.48822444798311,0.622919959414017,1,0,normal
2024-12-21T20:32:23.575309,496.9606109981911,53.46335956966893,0.4940510196802242,2,0,normal
2024-12-21T20:32:23.575309,475.2485715870257,42.96178416613632,0.410985065274334,0,0,normal
2024-12-21T20:32:23.566049,550.3264376632084,59.0527123095507,0.4862793495890115,1,0,normal
2024-12-21T20:32:23.575309,576.6777501381189,57.79140213321303,0.5303628510540134,1,0,normal
2024-12-21T20:32:23.575309,1400.9641282131145,145.20426728465748,0.963996629156244,3,1,dos_attack
2024-12-21T20:32:23.575309,489.2991669264655,67.18510276216487,0.4458035729310291,2,0,normal
2024-12-21T20:32:23.575309,1705.2431569510347,157.68493091442537,0.9283586119702076,2,1,dos_attack
2024-12-21T20:32:23.575309,478.805073774524,57.78292190873829,0.6569502138739043,2,0,normal
2024-12-21T20:32:23.566049,1295.0716262362164,176.09645561008963,0.961015152723433,4,1,dos_attack
2024-12-21T20:32:23.575309,544.6267892939487,71.79104328128997,0.4347629797346258,2,0,normal
2024-12-21T20:32:23.575309,552.6523968914393,28.153694236224325,0.4328163440652449,0,0,normal
2024-12-21T20:32:23.575309,429.49932440075554,38.15538862176362,0.589181480762254,1,0,normal
2024-12-21T20:32:23.575309,352.3265818144517,38.59922061922783,0.7424663053068336,1,0,normal
2024-12-21T20:32:23.575309,522.2942656322649,59.28981772783762,0.4668586256628952,8,1,brute_force
2024-12-21T20:32:23.575309,499.4987956308621,47.97716369138604,0.486695055210127,2,0,normal
2024-12-21T20:32:23.575309,427.1784270582342,37.29902433955675,0.4678235212879273,1,0,normal
2024-12-21T20:32:23.575309,544.2479157047856,60.15173357873011,0.7616975858168897,10,1,brute_force
2024-12-21T20:32:23.575309,479.5058726907115,65.07737482024437,0.6277055231149031,2,0,normal
2024-12-21T20:32:23.566049,440.1043111272372,58.45572075484978,0.5139847428060109,0,0,normal
2024-12-21T20:32:23.575309,1287.5432292548503,127.6720801373272,0.9225274900426396,1,1,dos_attack
2024-12-21T20:32:23.566049,354.8851763696889,43.204491318657055,0.3979174744221456,2,0,normal
2024-12-21T20:32:23.575309,562.3881850829966,69.12908209999743,0.7153674479277703,10,1,brute_force
2024-12-21T20:32:23.575309,1655.3944340173437,159.45818766935665,0.9523781161561145,1,1,dos_attack
2024-12-21T20:32:23.575309,727.2374329219848,64.9936339568334,0.3862396337639758,9,1,brute_force
2024-12-21T20:32:23.575309,473.6814855080339,46.85234997414431,0.7726758159274105,14,1,brute_force
2024-12-21T20:32:23.575309,506.881664208645,65.35495611131198,0.3865411096930392,1,0,normal
2024-12-21T20:32:23.566049,612.464960954972,26.886024217502857,0.597580576741044,2,0,normal
2024-12-21T20:32:23.575309,522.0409983829767,45.30402141322958,0.4902947457215999,0,0,normal
2024-12-21T20:32:23.575309,557.545387812493,45.86953626828547,0.5497167498726192,0,0,normal
2024-12-21T20:32:23.575309,438.1842292099873,45.39116993562229,0.6868278085471166,9,1,brute_force
2024-12-21T20:32:23.575309,586.0558806991572,50.61020336769813,0.6608523949725522,0,0,normal
2024-12-21T20:32:23.575309,599.6288277284425,36.0919041594058,0.409915278471884,1,0,normal
2024-12-21T20:32:23.575309,561.8804002881938,50.34379890060294,0.3208708405572918,1,0,normal
2024-12-21T20:32:23.575309,418.6692261728653,32.11673850380848,0.514813268513004,2,0,normal
2024-12-21T20:32:23.575309,476.608961058539,42.59488351825989,0.3937971074423508,2,0,normal
2024-12-21T20:32:23.575309,558.2562829928395,52.83213572204617,0.4967579760132283,0,0,normal
2024-12-21T20:32:23.575309,602.167826404261,39.16186128761406,0.6102446910794969,0,0,normal
2024-12-21T20:32:23.575309,443.66231383675466,53.67167767748024,0.5976363336647912,1,0,normal
2024-12-21T20:32:23.575309,492.2507563461295,47.57047196919809,0.6515849356410943,1,0,normal
2024-12-21T20:32:23.575309,1401.6487738988965,149.6226239784024,0.9440508735283358,2,1,dos_attack
2024-12-21T20:32:23.575309,425.3209866982544,47.143750457713615,0.5864543487292383,2,0,normal
2024-12-21T20:32:23.575309,625.8266320271744,55.92988858925159,0.5638924500547912,2,0,normal
2024-12-21T20:32:23.566049,460.4271772825717,43.07453546210196,0.4557478974716505,2,0,normal
2024-12-21T20:32:23.575309,641.0412493502022,58.68821157988776,0.7439124730479021,14,1,brute_force
2024-12-21T20:32:23.575309,471.48938147747504,54.19953293541937,0.5065986452757391,1,0,normal
2024-12-21T20:32:23.575309,738.3979995966839,32.506115875521985,0.674785640763009,1,0,normal
2024-12-21T20:32:23.575309,583.8087831515168,63.47882129372428,0.5553291416149893,10,1,brute_force
2024-12-21T20:32:23.566049,1764.1797021866464,154.1158024351266,0.9503356954514396,2,1,dos_attack
2024-12-21T20:32:23.575309,609.0983837215163,66.8966788984728,0.6994681893774103,12,1,brute_force
2024-12-21T20:32:23.575309,399.07793351514135,41.29037871334658,0.3860336095012107,0,0,normal
2024-12-21T20:32:23.575309,1398.7686077868116,167.5315322375988,0.9282092891780142,2,1,dos_attack
2024-12-21T20:32:23.575309,576.7939683335644,57.454420933555085,0.4839117075730817,1,0,normal
2024-12-21T20:32:23.575309,429.56549840542993,56.73994023744409,0.5919231163912957,0,0,normal
2024-12-21T20:32:23.575309,583.3490339533079,40.8790485177552,0.6232307395358173,2,0,normal
2024-12-21T20:32:23.575309,495.5982985592507,51.610034889692265,0.5712004563786525,1,0,normal
2024-12-21T20:32:23.575309,424.21416433632726,38.17857498404237,0.599027405500892,2,0,normal
2024-12-21T20:32:23.575309,585.9259681769585,39.221644405747,0.3769016004973295,0,0,normal
2024-12-21T20:32:23.575309,663.2100923691544,58.280545851201246,0.4467097016941099,1,0,normal
2024-12-21T20:32:23.575309,632.1981987251702,35.522666574543685,0.4227293425089939,2,0,normal
2024-12-21T20:32:23.575309,597.9325705491915,49.17167390621057,0.5949560256353659,0,0,normal
2024-12-21T20:32:23.575309,699.8541808778502,54.02316928088306,0.5433200647163454,2,0,normal
2024-12-21T20:32:23.575309,490.8627315192333,41.7397457964872,0.5290872114445816,1,0,normal
2024-12-21T20:32:23.566049,384.6132480256181,59.21347501157362,0.4929802490868291,0,0,normal
2024-12-21T20:32:23.575309,626.9433891204156,54.02983433343746,0.4182587482499844,0,0,normal
2024-12-21T20:32:23.575309,528.5760411953228,66.76440414640157,0.3489870892873959,2,0,normal
2024-12-21T20:32:23.575309,1594.9156448081333,160.87031631507253,0.960816976648966,0,1,dos_attack
2024-12-21T20:32:23.575309,548.1037901688957,50.94111797309721,0.6897401293442655,0,0,normal
2024-12-21T20:32:23.575309,569.9407699587479,56.36515986558444,0.6727818979014537,1,0,normal
2024-12-21T20:32:23.575309,487.8038272380848,53.64850275384299,0.5429564089280872,2,0,normal
2024-12-21T20:32:23.575309,709.0250802530202,49.85232357512417,0.3702785077885234,1,0,normal
2024-12-21T20:32:23.566049,439.86566674099777,77.8018112692953,0.6302783225279297,11,1,brute_force
2024-12-21T20:32:23.575309,1576.9906231458708,138.58842786718176,0.9412349653372104,0,1,dos_attack
2024-12-21T20:32:23.575309,316.75481633069404,55.119015243961066,0.7075494271091352,0,0,normal
2024-12-21T20:32:23.575309,562.6704982948903,50.55324922125843,0.2648076328267443,0,0,normal
2024-12-21T20:32:23.575309,630.8548430520557,38.84278236433519,0.412910470512337,0,0,normal
2024-12-21T20:32:23.575309,457.0788502539219,43.89217160893296,0.3893923711445557,0,0,normal
2024-12-21T20:32:23.575309,629.6591889468299,59.68848387936893,0.4396436804339244,2,0,normal
2024-12-21T20:32:23.566049,508.7674636314736,34.390556709869536,0.5238185296130672,0,0,normal
2024-12-21T20:32:23.575309,548.764287323857,65.5230757895703,0.356734440718133,1,0,normal
2024-12-21T20:32:23.575309,563.2541007614058,49.883447548471125,0.4598082740342185,0,0,normal
2024-12-21T20:32:23.575309,631.9908566720044,76.56968997456852,0.6370352326719795,12,1,brute_force
2024-12-21T20:32:23.575309,526.7945329070086,66.54154850334007,0.4286152372712867,0,0,normal
2024-12-21T20:32:23.575309,1362.965468922402,145.355931562443,0.936040309349477,4,1,dos_attack
2024-12-21T20:32:23.575309,677.7760019008778,47.71319617630617,0.4472630520491724,1,0,normal
2024-12-21T20:32:23.575309,682.5312717168214,63.58612681187888,0.4759354718461637,1,0,normal
2024-12-21T20:32:23.575309,508.31854237368987,65.95790679134508,0.6483731844287655,12,1,brute_force
2024-12-21T20:32:23.575309,461.3721660083367,51.48448488886516,0.5808823113281996,1,0,normal
2024-12-21T20:32:23.575309,373.7552758091449,47.686881466842735,0.4316218103607596,0,0,normal
2024-12-21T20:32:23.575309,1826.5531094689527,167.02239067466556,0.9611832620787572,3,1,dos_attack
2024-12-21T20:32:23.566049,644.9491405406961,65.91251871692825,0.532588189048529,1,0,normal
2024-12-21T20:32:23.575309,497.811747021679,47.8860985613059,0.3781157028265544,1,0,normal
2024-12-21T20:32:23.575309,440.1619307404332,58.4402700507083,0.7568057744195852,8,1,brute_force
2024-12-21T20:32:23.575309,1453.9138668815383,161.26257467659454,0.9372803456186926,3,1,dos_attack
2024-12-21T20:32:23.575309,481.0306825705629,48.65296565823176,0.5035684086323009,2,0,normal
2024-12-21T20:32:23.575309,433.5851460486426,24.449864399162948,0.5356683904747277,2,0,normal
2024-12-21T20:32:23.575309,399.0570103265608,44.757902151042586,0.6548183011262926,1,0,normal
2024-12-21T20:32:23.575309,624.911696631329,56.88344928933752,0.5388386296713789,1,0,normal
2024-12-21T20:32:23.575309,1233.6979344582987,138.04729221487128,0.9488056707564164,4,1,dos_attack
2024-12-21T20:32:23.575309,588.3097365909592,78.09776394662993,0.4037379038794607,1,0,normal
2024-12-21T20:32:23.575309,550.7840572193539,50.1786027974628,0.6201839531280097,0,0,normal
2024-12-21T20:32:23.575309,548.8162891484009,41.45765905697773,0.4983844844373169,0,0,normal
2024-12-21T20:32:23.575309,509.60762359115904,39.87229866029711,0.537252219920021,2,0,normal
2024-12-21T20:32:23.575309,509.3738022285197,42.69115715818226,0.6162480268388355,2,0,normal
2024-12-21T20:32:23.575309,542.9401741218741,55.997117060790536,0.3128452491156136,1,0,normal
2024-12-21T20:32:23.575309,1463.9641126144718,149.835303872033,0.944235573566916,3,1,dos_attack
2024-12-21T20:32:23.575309,378.9634611542712,24.058287022040044,0.5078757164790594,2,0,normal
2024-12-21T20:32:23.575309,312.49615457109854,55.56799440078292,0.5588639001629894,1,0,normal
2024-12-21T20:32:23.575309,627.7563227535117,39.45904690830598,0.3881136751696665,2,0,normal
2024-12-21T20:32:23.566049,495.1174575176661,51.146239765207895,0.3265870701565858,1,0,normal
2024-12-21T20:32:23.575309,396.22012104814456,51.865645407289605,0.353844044658912,0,0,normal
2024-12-21T20:32:23.575309,613.9691723235678,65.8782231544849,0.6693281252309236,14,1,brute_force
2024-12-21T20:32:23.575309,521.9574233470814,49.72913257775127,0.3182686868789728,0,0,normal
2024-12-21T20:32:23.575309,542.4186986865479,55.44438827849068,0.4420731103152584,1,0,normal
2024-12-21T20:32:23.566049,540.4487094468657,54.09683673260096,0.4095612070345991,2,0,normal
2024-12-21T20:32:23.575309,607.4562317563419,45.86521618669615,0.5235336939260142,2,0,normal
2024-12-21T20:32:23.566049,591.49267127072,48.847119497953216,0.4060436889516968,0,0,normal
2024-12-21T20:32:23.575309,549.8450623510322,38.0337955759882,0.4829813587169083,2,0,normal
2024-12-21T20:32:23.575309,580.409092774072,45.08331939344448,0.4633415744232704,1,0,normal
2024-12-21T20:32:23.575309,526.8139211092293,57.097117096149226,0.440951643321162,1,0,normal
2024-12-21T20:32:23.575309,500.36093425243183,72.70718953383788,0.5132275274340116,2,0,normal
2024-12-21T20:32:23.575309,460.9037603271696,31.314171623532523,0.4599922697369109,0,0,normal
2024-12-21T20:32:23.575309,453.2574925894706,36.67666017658806,0.3323495936482931,2,0,normal
2024-12-21T20:32:23.575309,506.3359212454589,57.588829813433165,0.4746533277227927,1,0,normal
2024-12-21T20:32:23.575309,742.8958486247511,57.818121927588734,0.6294591292590175,13,1,brute_force
2024-12-21T20:32:23.575309,659.8571739366195,48.397518590089845,0.5412261852317923,9,1,brute_force
2024-12-21T20:32:23.566049,497.6030816172277,58.47773638762258,0.509095202501052,8,1,brute_force
2024-12-21T20:32:23.575309,559.0815293399804,51.07101997267632,0.5474647827035151,2,0,normal
2024-12-21T20:32:23.575309,734.0375875856398,64.77627178232481,0.6373016898160788,11,1,brute_force
2024-12-21T20:32:23.575309,475.3873178382776,61.95351768783874,0.3150395498318619,0,0,normal
2024-12-21T20:32:23.575309,429.24867287238953,35.287512311390536,0.2861019733300119,0,0,normal
2024-12-21T20:32:23.575309,431.0982716003783,49.15286480113638,0.6431345697250664,2,0,normal
2024-12-21T20:32:23.566049,564.1488912481386,42.46983424251148,0.452836217247806,2,0,normal
2024-12-21T20:32:23.575309,477.08825472122186,45.31200153277472,0.5922309050691276,0,0,normal
2024-12-21T20:32:23.575309,485.4322506691668,46.87201075703358,0.4587922701616141,2,0,normal
2024-12-21T20:32:23.575309,550.7027173646007,49.8361891332863,0.4350678266718716,1,0,normal
2024-12-21T20:32:23.575309,619.2325418500809,70.74019975554582,0.6313151884717294,11,1,brute_force
2024-12-21T20:32:23.575309,586.310417329193,52.579265133859984,0.5550732844429704,0,0,normal
2024-12-21T20:32:23.575309,546.6159728491606,41.294828740338495,0.6410082971996327,1,0,normal
2024-12-21T20:32:23.575309,444.5863529351766,61.98558787859504,0.6360051074744586,0,0,normal
2024-12-21T20:32:23.575309,519.1520467810064,54.68200852334193,0.4174179114402097,0,0,normal
2024-12-21T20:32:23.575309,544.4875916473127,45.013073859049214,0.5392963401126405,1,0,normal
2024-12-21T20:32:23.575309,529.3727895551783,44.87539108490838,0.6363989175358503,0,0,normal
2024-12-21T20:32:23.575309,509.35898787213137,59.37389917351528,0.4408286107924372,2,0,normal
2024-12-21T20:32:23.575309,544.6362709681019,27.715988572414005,0.5257135371640881,1,0,normal
2024-12-21T20:32:23.575309,533.8460817174786,53.04516811208663,0.5640298579975465,0,0,normal
2024-12-21T20:32:23.575309,547.1159855112658,51.82874538857675,0.605524288087721,1,0,normal
2024-12-21T20:32:23.575309,483.9114610257877,68.54842451835344,0.5399539679552194,1,0,normal
2024-12-21T20:32:23.575309,759.7951276862099,63.76023583701473,0.6160690277380174,10,1,brute_force
2024-12-21T20:32:23.575309,481.24157989105385,45.27335845029062,0.5916236751984256,1,0,normal
2024-12-21T20:32:23.575309,456.7171112440351,59.20434486528736,0.475120637853348,0,0,normal
2024-12-21T20:32:23.575309,276.56287502426505,41.51940721473141,0.4834194249617622,1,0,normal
2024-12-21T20:32:23.575309,599.5706042280751,49.93638427232921,0.4607810091640844,10,1,brute_force
2024-12-21T20:32:23.575309,492.4499944570824,47.55432114295673,0.579638037570606,2,0,normal
2024-12-21T20:32:23.575309,695.9552304023692,82.74410936622495,0.5206743101493143,14,1,brute_force
2024-12-21T20:32:23.575309,404.8202775061045,51.54592069386093,0.4784463599499559,0,0,normal
2024-12-21T20:32:23.575309,459.2133376319193,61.27522450974151,0.3259928742491129,2,0,normal
2024-12-21T20:32:23.575309,388.8312231566504,49.48402650416818,0.5705943285715092,0,0,normal
2024-12-21T20:32:23.575309,521.1808906844267,76.7806481335943,0.6516887754791348,14,1,brute_force
2024-12-21T20:32:23.575309,447.65567698602285,57.70189563049376,0.6717355639423138,13,1,brute_force
2024-12-21T20:32:23.575309,551.1770936326648,41.765827185301966,0.4166007816492243,2,0,normal
2024-12-21T20:32:23.575309,517.0658259123084,58.60559728024501,0.6073764228075138,1,0,normal
2024-12-21T20:32:23.575309,583.2766706537734,41.859684362952365,0.5699251535866078,2,0,normal
2024-12-21T20:32:23.575309,307.2575218473114,43.88547106267141,0.4285630758536979,2,0,normal
2024-12-21T20:32:23.575309,482.0871579876248,63.598474225181135,0.4728514630534489,0,0,normal
2024-12-21T20:32:23.566049,474.7142844662699,52.87212374963496,0.7157414909295294,13,1,brute_force
2024-12-21T20:32:23.575309,1630.3780267168938,152.11847118878495,0.9732151096648556,0,1,dos_attack
2024-12-21T20:32:23.575309,587.6556397278108,52.99185689727153,0.4394915232573794,0,0,normal
2024-12-21T20:32:23.575309,339.6512248665075,50.69864636401768,0.2580048772165143,0,0,normal
2024-12-21T20:32:23.575309,578.0165231429567,48.89540513035857,0.5463269228701866,0,0,normal
2024-12-21T20:32:23.575309,1869.1702035352212,124.078833456717,0.9443115326030724,4,1,dos_attack
2024-12-21T20:32:23.575309,1603.9299928663745,178.83843041476928,0.9277334318598776,1,1,dos_attack
2024-12-21T20:32:23.575309,201.97112881089623,54.09455097872091,0.4234953123203383,0,0,normal
2024-12-21T20:32:23.566049,584.5472509151441,42.8947760636828,0.4766660991121622,1,0,normal
2024-12-21T20:32:23.575309,1310.9673327291073,134.75619226609706,0.9642717625721624,3,1,dos_attack
2024-12-21T20:32:23.566049,1657.117614892967,142.22548634523648,0.9320540531090296,1,1,dos_attack
2024-12-21T20:32:23.575309,1152.7782797255177,174.67711846714815,0.949605154124682,4,1,dos_attack
2024-12-21T20:32:23.575309,642.2940718373957,36.847130061732926,0.663870955321751,2,0,normal
2024-12-21T20:32:23.575309,525.0302447708741,52.6029536445953,0.5564188369020918,1,0,normal
2024-12-21T20:32:23.575309,606.6057982746178,37.97055078559356,0.5883232731439217,2,0,normal
2024-12-21T20:32:23.575309,732.460957539987,52.35409117641197,0.5677973591249167,14,1,brute_force
2024-12-21T20:32:23.575309,590.7486042811523,46.72537186913273,0.3608697642195632,1,0,normal
2024-12-21T20:32:23.575309,489.00998644235926,44.71423017562759,0.5500368207102558,1,0,normal
2024-12-21T20:32:23.575309,418.2038127667308,57.00009023500468,0.6037899953625172,0,0,normal
2024-12-21T20:32:23.575309,563.1232381077591,45.8531891110867,0.5353828523995542,0,0,normal
2024-12-21T20:32:23.575309,558.5689438886583,62.45618328176424,0.5793093237541754,1,0,normal
2024-12-21T20:32:23.575309,382.928262300861,51.92312121854119,0.3909083286315042,0,0,normal
2024-12-21T20:32:23.575309,604.7635885936805,62.11697716299673,0.3859860597089713,2,0,normal
2024-12-21T20:32:23.575309,623.1232528275465,46.7574104537916,0.5698223547759738,1,0,normal
2024-12-21T20:32:23.575309,595.6376207728666,42.86450340162138,0.4862393886506573,0,0,normal
2024-12-21T20:32:23.575309,580.9390410341294,53.97975514507367,0.6390153881913441,2,0,normal
2024-12-21T20:32:23.575309,587.9654768739584,34.66104468947188,0.4231394855393777,2,0,normal
2024-12-21T20:32:23.575309,481.1857518052504,38.38081355522682,0.3935389070542316,1,0,normal
2024-12-21T20:32:23.575309,476.66688419271634,61.00209607453204,0.4693876669367796,1,0,normal
2024-12-21T20:32:23.575309,509.1530180759834,55.65810975654223,0.3306165949832388,2,0,normal
2024-12-21T20:32:23.575309,1838.736760971235,154.6994400546415,0.9592672566241496,2,1,dos_attack
2024-12-21T20:32:23.575309,518.0172387580564,73.66847862748494,0.4751052209334804,1,0,normal
2024-12-21T20:32:23.575309,529.3637666987912,53.2182587840242,0.5487039283306745,2,0,normal
2024-12-21T20:32:23.575309,402.406804293486,33.00712090832314,0.4087698488873878,0,0,normal
2024-12-21T20:32:23.575309,567.608282617273,49.803364294308594,0.581765826682486,0,0,normal
2024-12-21T20:32:23.575309,352.8178962197664,39.61916901540757,0.5533767012963065,2,0,normal
2024-12-21T20:32:23.575309,478.9148583996075,53.76924374773812,0.4886990902172501,1,0,normal
2024-12-21T20:32:23.575309,534.8660679207352,42.29272747977332,0.4422272568870446,2,0,normal
2024-12-21T20:32:23.575309,583.8627790734931,47.2773990341188,0.507400369482273,0,0,normal
2024-12-21T20:32:23.575309,588.197280340163,55.55900298912582,0.6000767911562583,2,0,normal
2024-12-21T20:32:23.575309,339.3092205971575,28.41619745567005,0.4965311771692386,2,0,normal
2024-12-21T20:32:23.575309,601.5734608887553,47.47105946967491,0.5974054566291764,0,0,normal
2024-12-21T20:32:23.575309,1354.230157204624,151.10164372099874,0.9740758729864556,1,1,dos_attack
2024-12-21T20:32:23.575309,470.4135071393571,40.98241402050985,0.3201919179016351,1,0,normal
2024-12-21T20:32:23.575309,1534.488024738325,141.290065928116,0.9790834746408008,3,1,dos_attack
2024-12-21T20:32:23.575309,637.6015831233888,63.2827202255246,0.4832963611816422,12,1,brute_force
2024-12-21T20:32:23.575309,1641.784766251216,152.2853851273683,0.9202311744238768,0,1,dos_attack
2024-12-21T20:32:23.575309,603.8787743996543,47.69299570953656,0.6290563308352207,2,0,normal
2024-12-21T20:32:23.575309,421.016639124595,41.27092119772175,0.5176650712316023,2,0,normal
2024-12-21T20:32:23.575309,601.6520388351059,48.073589073031606,0.5332588564301161,12,1,brute_force
2024-12-21T20:32:23.575309,415.2189482867706,52.951607719401565,0.7170454831712332,0,0,normal
2024-12-21T20:32:23.575309,663.3550900358777,79.54057191447242,0.6140768657764468,11,1,brute_force
2024-12-21T20:32:23.575309,574.2342426243159,40.83567130512319,0.6877338983930473,2,0,normal
2024-12-21T20:32:23.575309,578.2368412728894,65.67407040972633,0.3711208609686481,2,0,normal
2024-12-21T20:32:23.575309,553.4124212024122,52.01845439637749,0.3803935363827321,2,0,normal
2024-12-21T20:32:23.575309,518.8329024630934,51.18573133874627,0.5203848866224382,0,0,normal
2024-12-21T20:32:23.575309,431.4543185288539,60.44849591071299,0.601397913109545,2,0,normal
2024-12-21T20:32:23.575309,339.6142574523676,50.81229205769146,0.3940466681593721,1,0,normal
2024-12-21T20:32:23.575309,462.0949104916832,63.34624066576086,0.5536501404642354,1,0,normal
2024-12-21T20:32:23.575309,361.2271837069283,48.04259158079167,0.4612949122257908,2,0,normal
2024-12-21T20:32:23.575309,546.296278733392,46.95056003844342,0.6173950639269196,0,0,normal
2024-12-21T20:32:23.575309,392.9065511248885,48.15362464112493,0.4288761907387402,2,0,normal
2024-12-21T20:32:23.575309,683.3124416110805,51.70844105594533,0.573891200668862,2,0,normal
2024-12-21T20:32:23.575309,472.8911084225727,59.43064488419507,0.6288135206604977,1,0,normal
2024-12-21T20:32:23.575309,362.85121436902585,50.23707922299376,0.4011829572452192,2,0,normal
2024-12-21T20:32:23.575309,578.8791817570752,52.31616982666316,0.5329103061727822,1,0,normal
2024-12-21T20:32:23.575309,596.6019285899005,35.769065623832695,0.6083042705504832,2,0,normal
2024-12-21T20:32:23.575309,442.77391675157793,52.66728115133989,0.3545524756839072,2,0,normal
2024-12-21T20:32:23.575309,1749.0334858904746,147.15226366490083,0.9539583130215964,1,1,dos_attack
2024-12-21T20:32:23.575309,461.1717122112186,48.27527913071562,0.5803998270695,2,0,normal
2024-12-21T20:32:23.575309,443.1773310724044,51.97845237766388,0.3462408720021768,2,0,normal
2024-12-21T20:32:23.575309,413.4570787198391,53.11576097220074,0.4044214174361351,1,0,normal
2024-12-21T20:32:23.575309,488.0607810385546,61.98289345095489,0.6053142385584913,2,0,normal
2024-12-21T20:32:23.575309,468.72659845083615,47.92128238739414,0.4751359228655696,0,0,normal
2024-12-21T20:32:23.575309,1366.7951044592965,151.09280634057615,0.9609827239730048,1,1,dos_attack
2024-12-21T20:32:23.575309,514.9450015410873,41.76311536346269,0.3872592894353024,1,0,normal
2024-12-21T20:32:23.575309,504.4901054716787,40.41012855175264,0.706636963118899,1,0,normal
2024-12-21T20:32:23.575309,439.5833581630659,75.41068961249618,0.648796007190481,13,1,brute_force
2024-12-21T20:32:23.575309,547.8067869295904,77.05774169370403,0.4370083359664981,0,0,normal
2024-12-21T20:32:23.575309,555.2733495499315,68.00278740083348,0.641583323469929,8,1,brute_force
2024-12-21T20:32:23.575309,337.37297032581176,64.77612956991267,0.552548528358853,2,0,normal
2024-12-21T20:32:23.575309,676.5123697847835,60.7241813484132,0.6810829753064718,9,1,brute_force
2024-12-21T20:32:23.575309,425.2408205497134,43.60934849744393,0.5882513870533497,0,0,normal
2024-12-21T20:32:23.575309,402.3445083133613,42.21645993179105,0.5846810447903865,1,0,normal
2024-12-21T20:32:23.575309,431.82611935477576,50.648505739754086,0.6297282782924248,0,0,normal
2024-12-21T20:32:23.575309,596.9725015523478,45.89710491135956,0.4200333734667866,2,0,normal
2024-12-21T20:32:23.575309,882.9045719275626,42.18805976005415,0.5088518253790524,13,1,brute_force
2024-12-21T20:32:23.575309,568.6712446133262,67.39928236371492,0.6851540861391214,13,1,brute_force
2024-12-21T20:32:23.575309,2157.2010620476576,137.0574673002658,0.9300701280191936,0,1,dos_attack
2024-12-21T20:32:23.575309,348.5547545082517,41.85014503558519,0.4796182969675671,1,0,normal
2024-12-21T20:32:23.575309,540.8694754019687,61.26613560655144,0.5723255427005429,0,0,normal
2024-12-21T20:32:23.575309,464.87802569910025,64.72305458404736,0.6108333672308996,1,0,normal
2024-12-21T20:32:23.575309,704.3919852620484,60.15497495180837,0.6579356500845674,13,1,brute_force
2024-12-21T20:32:23.575309,588.1570271993127,67.81791176043973,0.5903979889281765,8,1,brute_force
2024-12-21T20:32:23.575309,509.2966043187047,62.25519943998224,0.4531555424941815,0,0,normal
2024-12-21T20:32:23.575309,528.8262157900156,56.93461360250152,0.30659256190661,0,0,normal
2024-12-21T20:32:23.575309,447.7079074924042,44.79110109904525,0.4843424265311159,1,0,normal
2024-12-21T20:32:23.575309,712.308910549619,55.99639488250931,0.4400281442504975,0,0,normal
2024-12-21T20:32:23.575309,599.6911364140709,45.54581852053845,0.4453199893533081,0,0,normal
2024-12-21T20:32:23.575309,423.9850017010593,64.57887993704539,0.569746164098434,1,0,normal
2024-12-21T20:32:23.575309,485.86972108238194,57.72406238661414,0.3972556436637476,0,0,normal
2024-12-21T20:32:23.575309,1359.660056171606,101.1464711984904,0.9338469488082148,3,1,dos_attack
2024-12-21T20:32:23.575309,685.7683347410126,60.13474104609355,0.6251294292729412,9,1,brute_force
2024-12-21T20:32:23.575309,435.83720844659337,53.8801946254716,0.5440106167070615,0,0,normal
2024-12-21T20:32:23.575309,1444.1690294936702,143.13205809291105,0.9591795118638716,1,1,dos_attack
2024-12-21T20:32:23.575309,822.1402347476479,58.666716449385234,0.4174689199046331,1,0,normal
2024-12-21T20:32:23.575309,792.987153265447,61.919495205129984,0.5665363737852106,9,1,brute_force
2024-12-21T20:32:23.575309,506.92902403844175,59.52163212569064,0.3940563559087243,2,0,normal
2024-12-21T20:32:23.575309,304.8719589293647,41.30842353387284,0.398146411352208,1,0,normal
2024-12-21T20:32:23.575309,604.071488770734,40.77044811088403,0.4665605459118107,0,0,normal
2024-12-21T20:32:23.575309,599.9113651800891,58.4135871082003,0.5458862946258626,14,1,brute_force
2024-12-21T20:32:23.575309,442.6994740625268,62.66220603437044,0.6047947799321303,0,0,normal
2024-12-21T20:32:23.575309,600.4707569993399,56.74678965249696,0.4045200444355735,8,1,brute_force
2024-12-21T20:32:23.575309,541.5574293379466,48.61503205566503,0.4123993584970484,1,0,normal
2024-12-21T20:32:23.575309,525.1980311772136,45.46413622478688,0.5864288401244951,0,0,normal
2024-12-21T20:32:23.575309,380.9431544706114,25.121655676650523,0.4061944166286554,0,0,normal
2024-12-21T20:32:23.575309,1590.2931994145115,164.05934181506666,0.9920475589477395,4,1,dos_attack
2024-12-21T20:32:23.575309,1643.9900953089264,156.8620955227756,0.9386628549979448,0,1,dos_attack
2024-12-21T20:32:23.575309,554.8145876729343,54.38613089374638,0.5620473396451436,1,0,normal
2024-12-21T20:32:23.575309,628.1227584056919,47.21106692455125,0.5607426851682253,9,1,brute_force
2024-12-21T20:32:23.575309,461.173323066784,48.8555051540054,0.4475550986803944,1,0,normal
2024-12-21T20:32:23.575309,620.1084163571493,75.18134109105505,0.3481171158715705,1,0,normal
2024-12-21T20:32:23.575309,1564.653466093353,143.9590774556937,0.9279196054065632,4,1,dos_attack
2024-12-21T20:32:23.575309,655.9376940970146,56.973423043170776,0.6409716684982427,9,1,brute_force
2024-12-21T20:32:23.575309,548.3795556288575,52.97905637087374,0.5424924875306744,1,0,normal
2024-12-21T20:32:23.575309,1641.3452410182367,165.60095750105177,0.9786591930455032,1,1,dos_attack
2024-12-21T20:32:23.575309,693.6389248796106,54.115842703511696,0.376642683443641,0,0,normal
2024-12-21T20:32:23.575309,445.32386672020834,50.26353051044117,0.6199801727172299,1,0,normal
2024-12-21T20:32:23.575309,581.1051836963552,64.55846195606972,0.5583880791111421,1,0,normal
2024-12-21T20:32:23.566049,546.163175930705,44.2548330748086,0.5319958219607813,11,1,brute_force
2024-12-21T20:32:23.575309,375.7257297591598,43.39908390029953,0.7384795759949834,0,0,normal
2024-12-21T20:32:23.575309,733.3786405989636,51.36484291041938,0.7601117395681234,13,1,brute_force
2024-12-21T20:32:23.575309,603.2080499458515,63.77928996023326,0.4629705946828517,0,0,normal
2024-12-21T20:32:23.575309,657.844502517085,71.25803215115005,0.6897842313471674,8,1,brute_force
2024-12-21T20:32:23.566049,573.9348112022997,49.41086713182996,0.6446225679011666,1,0,normal
2024-12-21T20:32:23.575309,502.5161362052184,51.22086742547072,0.4241283651729443,2,0,normal
2024-12-21T20:32:23.575309,481.78325005691016,29.352164494378048,0.5536765862251245,0,0,normal
2024-12-21T20:32:23.575309,1543.305510573885,155.576037398035,0.952460010290798,2,1,dos_attack
2024-12-21T20:32:23.575309,692.6085484075409,60.86131555006544,0.5633842161739361,13,1,brute_force
2024-12-21T20:32:23.575309,540.375003787898,43.764821387590914,0.5385460918396959,0,0,normal
2024-12-21T20:32:23.575309,1557.1929079993122,177.69337677952248,0.8830944541821478,3,1,dos_attack
2024-12-21T20:32:23.575309,1219.6884287981,162.32139118631753,0.9655079429345664,3,1,dos_attack
2024-12-21T20:32:23.575309,1505.363677324062,167.18025113707537,0.9358301838734596,0,1,dos_attack
2024-12-21T20:32:23.566049,392.6273194738035,40.54317765176359,0.5713174562225836,2,0,normal
2024-12-21T20:32:23.575309,412.321534594537,54.16959057195345,0.5535658339931863,1,0,normal
2024-12-21T20:32:23.575309,1591.5351672533725,153.40499593776943,0.9651049284855702,4,1,dos_attack
2024-12-21T20:32:23.575309,832.9073201770935,53.027127446468775,0.5880127455795868,14,1,brute_force
2024-12-21T20:32:23.575309,411.8189538334149,46.14253423076724,0.3772188869123629,0,0,normal
2024-12-21T20:32:23.575309,1487.981250921469,143.2724740113524,0.960694812257186,1,1,dos_attack
2024-12-21T20:32:23.575309,451.2413899984149,47.829294986693895,0.441107908289512,2,0,normal
2024-12-21T20:32:23.575309,574.6209438798944,39.605016633023176,0.4686842363375674,0,0,normal
2024-12-21T20:32:23.575309,1319.5290390452458,180.74371979871603,0.9869242865279232,2,1,dos_attack
2024-12-21T20:32:23.575309,470.37528227084624,35.24701899103149,0.5013696220015297,1,0,normal
2024-12-21T20:32:23.575309,606.8390792579107,35.414432672011785,0.7672126837217229,2,0,normal
2024-12-21T20:32:23.575309,471.0244552138036,41.99565630811736,0.5812975113419376,1,0,normal
2024-12-21T20:32:23.575309,455.7312345569318,59.449683212084295,0.5233070819224324,0,0,normal
2024-12-21T20:32:23.575309,450.5075632374816,50.12286230923221,0.3679622862490079,1,0,normal
2024-12-21T20:32:23.575309,1719.4477293659456,156.48366930369284,0.9828364971721054,2,1,dos_attack
2024-12-21T20:32:23.575309,589.6412835156784,60.95372330086985,0.6587661750698599,0,0,normal
2024-12-21T20:32:23.566049,333.8100926676189,31.84351267536989,0.5879100872395545,0,0,normal
2024-12-21T20:32:23.575309,1354.0924512824226,185.53194911281605,0.9479495699074814,2,1,dos_attack
2024-12-21T20:32:23.575309,492.2109923169361,43.63370719045086,0.4642111090778565,0,0,normal
2024-12-21T20:32:23.575309,1422.0311371193416,182.40119476933452,0.9653075271001292,2,1,dos_attack
2024-12-21T20:32:23.575309,358.42081200440634,53.552031124239896,0.4956633869161088,0,0,normal
2024-12-21T20:32:23.575309,597.2116775614184,58.072557164803264,0.5047458042813378,1,0,normal
2024-12-21T20:32:23.575309,1461.7809355825852,150.44594712773883,0.9530710589549768,3,1,dos_attack
2024-12-21T20:32:23.575309,552.428768635354,52.22778382318574,0.5987098933245512,2,0,normal
2024-12-21T20:32:23.575309,502.6197746801628,44.78485109293213,0.3282295028011486,1,0,normal
2024-12-21T20:32:23.575309,524.8004666834445,69.52981295043283,0.4322441437320577,0,0,normal
2024-12-21T20:32:23.575309,540.8904521988994,53.33896630067668,0.666458033477811,0,0,normal
2024-12-21T20:32:23.575309,455.3419016079946,56.96336965473442,0.8423493599839529,11,1,brute_force
2024-12-21T20:32:23.575309,368.8981632018081,64.75466207505957,0.4900959078598258,2,0,normal
2024-12-21T20:32:23.575309,433.4440696400235,33.07155598695351,0.5633338101068367,0,0,normal
2024-12-21T20:32:23.575309,1761.7636987749331,172.54264331273262,0.9705213105064372,1,1,dos_attack
2024-12-21T20:32:23.566049,482.9481938322246,43.266838543578,0.4486375288024905,2,0,normal
2024-12-21T20:32:23.566049,540.7295511723637,46.49421065870048,0.6227395253557327,0,0,normal
2024-12-21T20:32:23.575309,680.5037041269895,71.56980544400136,0.5140596409806273,11,1,brute_force
2024-12-21T20:32:23.575309,515.9377870275374,67.56977799232376,0.5655470461142297,0,0,normal
2024-12-21T20:32:23.575309,638.9432675316992,56.54503238745467,0.658613603559234,10,1,brute_force
2024-12-21T20:32:23.575309,454.3657471179519,64.53711412611409,0.4528515991434793,2,0,normal
2024-12-21T20:32:23.566049,490.8478409321967,40.35827824933537,0.6025948476189666,1,0,normal
2024-12-21T20:32:23.575309,426.8180247639245,26.09282134246824,0.5178006849967323,2,0,normal
2024-12-21T20:32:23.575309,458.5119595363865,69.62755188605995,0.5447707059528607,2,0,normal
2024-12-21T20:32:23.575309,589.7904588855906,48.7823423175348,0.4312153448652156,0,0,normal
2024-12-21T20:32:23.575309,598.8719699304467,63.26615474694944,0.4761075176269731,1,0,normal
2024-12-21T20:32:23.575309,677.5821297127138,67.23516516764886,0.5297831865521252,9,1,brute_force
2024-12-21T20:32:23.575309,395.5974032093673,53.256900891355045,0.3815744418591134,1,0,normal
2024-12-21T20:32:23.575309,1413.167229354215,147.1254512520104,0.91954123780088,2,1,dos_attack
2024-12-21T20:32:23.575309,502.6905829168045,59.80942141230311,0.4857955669504449,0,0,normal
2024-12-21T20:32:23.575309,497.42782352939,46.57106266712248,0.6057161284267951,0,0,normal
2024-12-21T20:32:23.575309,521.5096305079792,58.45007018147624,0.5598516216794146,13,1,brute_force
2024-12-21T20:32:23.575309,352.7192467395339,67.82527039537695,0.4689827795272615,1,0,normal
2024-12-21T20:32:23.575309,389.2110671664663,42.56955190108518,0.4681943661164758,0,0,normal
2024-12-21T20:32:23.566049,426.6513649063034,51.613422960420976,0.527055902715965,0,0,normal
2024-12-21T20:32:23.575309,635.8210382023728,45.59606137868428,0.5826986664711453,2,0,normal
2024-12-21T20:32:23.575309,351.3315574292103,49.16991119855848,0.5677178804415293,1,0,normal
2024-12-21T20:32:23.575309,595.3417036713488,51.0912497276148,0.3574352080405771,1,0,normal
2024-12-21T20:32:23.575309,451.446648795471,55.15819101454871,0.5572411130929196,0,0,normal
2024-12-21T20:32:23.575309,421.2548313414387,58.93260990042569,0.3514327174040049,0,0,normal
2024-12-21T20:32:23.575309,518.9300301568987,65.20810833711954,0.5152979933683806,1,0,normal
2024-12-21T20:32:23.575309,1851.815907285657,160.49793754455254,0.9761490827091872,2,1,dos_attack
2024-12-21T20:32:23.566049,402.44198072058254,37.19580948841436,0.5828648713498397,1,0,normal
2024-12-21T20:32:23.575309,538.3926250209457,45.03777815686768,0.3738640121776745,2,0,normal
2024-12-21T20:32:23.566049,714.4830707099086,49.29460923085757,0.3831868882499312,2,0,normal
2024-12-21T20:32:23.575309,346.5125680262104,51.59420225249586,0.3791503649414132,0,0,normal
2024-12-21T20:32:23.566049,305.02524471925506,54.19347286409968,0.5928733574451682,1,0,normal
2024-12-21T20:32:23.575309,433.4156144147232,47.03933324793186,0.3871718837937599,0,0,normal
2024-12-21T20:32:23.575309,420.59843203573865,63.83963959555392,0.4689923851359632,0,0,normal
2024-12-21T20:32:23.575309,498.96852847123006,65.06097846583299,0.5560166503951494,14,1,brute_force
2024-12-21T20:32:23.575309,1473.5863408053217,144.6419081949755,0.9804837493329038,2,1,dos_attack
2024-12-21T20:32:23.575309,678.4276957660157,64.83882025381976,0.4690104231236869,9,1,brute_force
2024-12-21T20:32:23.575309,1496.2886406740292,141.8925616054678,0.9870583247276508,0,1,dos_attack
2024-12-21T20:32:23.566049,462.56731156781655,61.96619432397519,0.3983667754867496,2,0,normal
2024-12-21T20:32:23.575309,492.7999580306361,55.14101782451643,0.7019918139167927,1,0,normal
2024-12-21T20:32:23.575309,573.0115358190748,55.768314414105376,0.4397651944854975,0,0,normal
2024-12-21T20:32:23.575309,1791.3914018703397,147.94528504529478,0.9725770013921584,0,1,dos_attack
2024-12-21T20:32:23.575309,642.1246313345612,38.60472631661698,0.4731784144378692,1,0,normal
2024-12-21T20:32:23.575309,655.7535508502043,40.66305111979001,0.4887923718576782,1,0,normal
2024-12-21T20:32:23.575309,441.3249362441397,43.39179015596402,0.5230617655158503,0,0,normal
2024-12-21T20:32:23.575309,443.4999805184602,30.593150881068112,0.4537398947251738,2,0,normal
2024-12-21T20:32:23.575309,370.19672157021256,41.942418017509794,0.3788541394813351,0,0,normal
2024-12-21T20:32:23.575309,486.202657516284,51.67658300116543,0.4267808245763621,0,0,normal
2024-12-21T20:32:23.575309,596.742491166191,66.20201616766948,0.6954091028796938,9,1,brute_force
2024-12-21T20:32:23.575309,583.788662811083,54.06261989900205,0.3353924747886889,0,0,normal
2024-12-21T20:32:23.575309,388.5146711923142,42.28507180512935,0.2574911663255248,1,0,normal
2024-12-21T20:32:23.575309,335.45170244180173,54.21326964647025,0.5178736396235282,1,0,normal
2024-12-21T20:32:23.575309,619.7386614587651,45.209868280725786,0.3620740238173239,14,1,brute_force
2024-12-21T20:32:23.575309,496.2963898311007,69.75012996864439,0.6708940387234742,10,1,brute_force
2024-12-21T20:32:23.575309,636.377547134076,45.85540898248604,0.3406301492785606,2,0,normal
2024-12-21T20:32:23.575309,451.688490167776,52.58267583511537,0.4071431822313689,1,0,normal
2024-12-21T20:32:23.575309,586.9039811672103,50.06985197407109,0.543416921918895,0,0,normal
2024-12-21T20:32:23.575309,367.4612142843703,64.60018683705039,0.4252534167904349,0,0,normal
2024-12-21T20:32:23.575309,728.0600927259829,67.78169325048574,0.7732472925738072,2,0,normal
2024-12-21T20:32:23.575309,1310.961684574539,167.8245313663623,0.9664749213969612,0,1,dos_attack
2024-12-21T20:32:23.575309,1450.957601407042,159.9477152677416,0.9570095699413536,2,1,dos_attack
2024-12-21T20:32:23.575309,520.8900976963356,52.64996921525296,0.5307843793079042,14,1,brute_force
2024-12-21T20:32:23.575309,492.31106920183714,58.02033830689213,0.6298661126632219,12,1,brute_force
2024-12-21T20:32:23.575309,573.0397421617208,60.3055148085403,0.6577472629702492,14,1,brute_force
2024-12-21T20:32:23.575309,311.8553938111173,45.12830988520167,0.6310098743443964,2,0,normal
2024-12-21T20:32:23.575309,493.1504895707435,47.13379262746788,0.3588521853647615,1,0,normal
2024-12-21T20:32:23.566049,362.9992604502726,62.41608279519373,0.4707069083790173,1,0,normal
2024-12-21T20:32:23.575309,512.3328449912723,82.7817154716805,0.5128325581168338,14,1,brute_force
2024-12-21T20:32:23.575309,402.0789491707599,48.93466386949485,0.6581465987453414,0,0,normal
2024-12-21T20:32:23.575309,2071.5741956355264,156.38706786067334,0.9525751083219308,0,1,dos_attack
2024-12-21T20:32:23.566049,528.9951491944723,60.66880686226975,0.3404537502892902,0,0,normal
2024-12-21T20:32:23.575309,587.7004615598992,54.7408617340897,0.4652584842077699,1,0,normal
2024-12-21T20:32:23.566049,379.64882458240265,53.90248649478532,0.4238910498549982,1,0,normal
2024-12-21T20:32:23.575309,1684.3957465556357,137.78553045909453,0.969174556369023,3,1,dos_attack
2024-12-21T20:32:23.575309,446.50293146163193,71.05126278615549,0.4627186440701186,2,0,normal
2024-12-21T20:32:23.575309,453.208235021864,51.72420068712996,0.5100210790998323,2,0,normal
2024-12-21T20:32:23.575309,485.8574443321074,49.5800812657903,0.802074081719776,12,1,brute_force
2024-12-21T20:32:23.575309,565.9527620249426,48.09726209341194,0.6926657662631738,9,1,brute_force
2024-12-21T20:32:23.566049,397.1572739128154,37.58437856576485,0.7241288638068876,0,0,normal
2024-12-21T20:32:23.575309,596.6483816348929,43.923305854377496,0.6783199220866659,1,0,normal
2024-12-21T20:32:23.575309,688.2253996069546,36.46948261903001,0.3630245785116064,0,0,normal
2024-12-21T20:32:23.575309,562.6061411735203,63.301752832617865,0.5616561964784846,9,1,brute_force
2024-12-21T20:32:23.575309,446.3164797414614,29.24318735108056,0.4972823972797699,0,0,normal
2024-12-21T20:32:23.575309,640.646351376373,53.79640552593633,0.5021132869739274,1,0,normal
2024-12-21T20:32:23.575309,426.0109755533392,53.17794959615709,0.7250331384713695,0,0,normal
2024-12-21T20:32:23.566049,474.6686548352104,56.5457306977534,0.5166292749953129,2,0,normal
2024-12-21T20:32:23.575309,563.6002616624041,49.43949311367419,0.2984380530512884,0,0,normal
2024-12-21T20:32:23.575309,401.8410348153944,57.23646937366315,0.5348862567203208,2,0,normal
2024-12-21T20:32:23.575309,585.0940269958107,43.351680602629486,0.4345829125858044,1,0,normal
2024-12-21T20:32:23.575309,493.88170807637033,51.54693634164202,0.5515311657455655,2,0,normal
2024-12-21T20:32:23.575309,520.9990522907342,44.80748011720629,0.5274796976679041,1,0,normal
2024-12-21T20:32:23.575309,607.652457957536,36.29416010758011,0.5160093107288654,2,0,normal
2024-12-21T20:32:23.575309,578.0437354071428,48.42341484801467,0.6297300185469971,2,0,normal
2024-12-21T20:32:23.575309,365.9463351577526,44.41379157216543,0.3535292888620337,1,0,normal
2024-12-21T20:32:23.575309,337.99531076619286,58.10394646778201,0.5243600597753586,2,0,normal
2024-12-21T20:32:23.575309,1809.0310844888195,152.8119790922208,0.9245292816118064,1,1,dos_attack
2024-12-21T20:32:23.575309,569.8849011269149,61.41916129812838,0.5081353978621914,0,0,normal
2024-12-21T20:32:23.575309,543.0734711706818,63.58448857062104,0.687558815050017,12,1,brute_force
2024-12-21T20:32:23.575309,361.8374512038661,34.46498289667959,0.6096819587453353,2,0,normal
2024-12-21T20:32:23.575309,318.7617597212052,50.08961715985857,0.4407255029524337,0,0,normal
2024-12-21T20:32:23.575309,496.5731931610188,53.83134642862396,0.3884894980961783,1,0,normal
2024-12-21T20:32:23.575309,407.8181988083214,62.55906030828262,0.514824523482958,2,0,normal
2024-12-21T20:32:23.575309,689.0858215505789,57.90485379434071,0.7476695742673517,13,1,brute_force
2024-12-21T20:32:23.575309,504.0850325534841,69.33232383019318,0.4076071246098356,2,0,normal
2024-12-21T20:32:23.575309,1578.4518151272107,125.88728580055562,0.955272718759203,3,1,dos_attack
2024-12-21T20:32:23.575309,298.6991542570776,41.85719118069032,0.2873265332001633,2,0,normal
2024-12-21T20:32:23.575309,383.935434503837,49.27817513569337,0.4146823580381798,0,0,normal
2024-12-21T20:32:23.575309,392.8183779048693,44.65920010985548,0.6791776303565266,2,0,normal
2024-12-21T20:32:23.575309,421.0560236619719,37.57784209702736,0.6352081165734169,2,0,normal
2024-12-21T20:32:23.575309,1450.7374480618423,133.76512460034155,0.958475318058304,2,1,dos_attack
2024-12-21T20:32:23.566049,598.1421692863097,59.521645356004775,0.55090422353753,11,1,brute_force
2024-12-21T20:32:23.575309,604.3412472389844,58.0362921568717,0.5137819435353461,1,0,normal
2024-12-21T20:32:23.575309,603.8696708257213,26.825163102389183,0.5217556763954396,1,0,normal
2024-12-21T20:32:23.575309,1337.921766206195,132.7136011467463,0.9716557636572722,1,1,dos_attack
2024-12-21T20:32:23.575309,570.0180346460363,58.441341309735,0.6123486269534367,0,0,normal
2024-12-21T20:32:23.575309,436.62163810096513,61.07381030473591,0.5051267259207746,1,0,normal
2024-12-21T20:32:23.566049,277.1775091051501,47.44728398353905,0.5376115723634914,1,0,normal
2024-12-21T20:32:23.575309,407.5348642352411,56.32756646586869,0.5816419448841946,13,1,brute_force
2024-12-21T20:32:23.575309,1401.780601856496,158.60763475713446,0.9640775129011432,2,1,dos_attack
2024-12-21T20:32:23.575309,467.9980640708651,56.08962275978608,0.3622046189253953,0,0,normal
2024-12-21T20:32:23.575309,599.8369714025478,49.57612246812913,0.5233504491377263,0,0,normal
2024-12-21T20:32:23.575309,453.2719090915695,57.820492781484575,0.4383905090140377,1,0,normal
2024-12-21T20:32:23.575309,1422.0216606708427,172.90636349855376,0.9561372749998044,0,1,dos_attack
2024-12-21T20:32:23.575309,404.5056458497317,30.867289067472093,0.5274214252338794,0,0,normal
2024-12-21T20:32:23.575309,444.09316041016586,55.97371091608047,0.3024788318287552,0,0,normal
2024-12-21T20:32:23.575309,615.5047084293994,44.08393231572326,0.4166286737731065,0,0,normal
2024-12-21T20:32:23.575309,493.37536894335176,54.041486529635776,0.7692802347934502,11,1,brute_force
2024-12-21T20:32:23.575309,278.2385024413372,38.527302827294974,0.2450313013384545,0,0,normal
2024-12-21T20:32:23.575309,1394.7640356609902,159.5705577535462,0.9404878815604152,2,1,dos_attack
2024-12-21T20:32:23.575309,1488.2282936950726,156.75576344937753,0.9672372518904528,0,1,dos_attack
2024-12-21T20:32:23.575309,411.2706691447539,30.252477093336644,0.5154215302240259,1,0,normal
2024-12-21T20:32:23.575309,577.4126806887492,67.30959196496566,0.7445846605040871,10,1,brute_force
2024-12-21T20:32:23.575309,691.3687538305649,59.42389754291019,0.827786162868573,13,1,brute_force
2024-12-21T20:32:23.575309,1586.286605312097,161.64297325293677,0.9410417964565831,4,1,dos_attack
2024-12-21T20:32:23.575309,637.4256497040466,72.19723621318539,0.5495688276769497,13,1,brute_force
2024-12-21T20:32:23.575309,822.119448807867,58.99913493920201,0.5782343096253606,13,1,brute_force
2024-12-21T20:32:23.566049,432.9374106166905,40.024431272760125,0.8114057340327858,1,0,normal
2024-12-21T20:32:23.575309,735.909992780432,57.74279889712581,0.7376400577933891,10,1,brute_force
2024-12-21T20:32:23.575309,643.7135602824454,42.34892217597861,0.5760296196757699,1,0,normal
2024-12-21T20:32:23.575309,1274.1512752068852,155.23326567503807,0.9302954460750992,1,1,dos_attack
2024-12-21T20:32:23.575309,199.3914990004524,41.06137517109673,0.417365582080673,2,0,normal
2024-12-21T20:32:23.575309,595.702328287279,85.72121159764798,0.5274762940675254,1,0,normal
2024-12-21T20:32:23.575309,728.090592909184,63.29765117406652,0.7072378027931169,11,1,brute_force
2024-12-21T20:32:23.566049,685.3187706931567,59.23601855595898,0.5414610866153691,2,0,normal
2024-12-21T20:32:23.575309,1389.320821532512,168.7673322569052,0.9159901265966616,2,1,dos_attack
2024-12-21T20:32:23.566049,679.6489409069915,42.46157615763574,0.5237431550891398,1,0,normal
2024-12-21T20:32:23.575309,622.1350671751555,59.02422450838466,0.3792287290097372,0,0,normal
2024-12-21T20:32:23.575309,482.807307675496,37.61864272058909,0.4543839242751612,2,0,normal
2024-12-21T20:32:23.575309,473.8220914766363,36.726071481135946,0.4738614427752458,1,0,normal
2024-12-21T20:32:23.575309,509.9861927215527,60.09477650342437,0.4699330808156402,1,0,normal
2024-12-21T20:32:23.575309,658.1858943734278,74.09297630804929,0.6239970371116396,8,1,brute_force
2024-12-21T20:32:23.591400,650.7482922703956,60.22586236572047,0.5711272089769484,13,1,brute_force
2024-12-21T20:32:23.591400,539.1777387349601,35.47545677862613,0.40122821721089336,2,0,normal
2024-12-21T20:32:23.591400,1482.856669710847,158.72308183875637,0.9608784319738162,3,1,dos_attack
2024-12-21T20:32:23.591400,1241.4905857971019,158.5645330662667,0.93677058467901,4,1,dos_attack
2024-12-21T20:32:23.591400,499.8083879910622,58.45595259943766,0.6588482836583802,8,1,brute_force
2024-12-21T20:32:23.591400,361.0914221638691,56.25994447764367,0.41895683865577904,1,0,normal
2024-12-21T20:32:23.591400,403.0693570186321,56.20811462691642,0.525253542183168,0,0,normal
2024-12-21T20:32:23.591400,527.4193619709071,49.4219012821126,0.49307214689160755,0,0,normal
2024-12-21T20:32:23.591400,463.49503681376024,52.77759595076252,0.28570582993119376,1,0,normal
2024-12-21T20:32:23.591400,632.939943197717,60.281378441637905,0.4205943140597781,2,0,normal
2024-12-21T20:32:23.591400,645.6320626972408,49.4538948032402,0.5490656328474626,1,0,normal
2024-12-21T20:32:23.591400,447.0836927610932,42.380426433891955,0.5106464372674329,0,0,normal
2024-12-21T20:32:23.591400,527.429404336159,61.99306478426685,0.4509886314633663,0,0,normal
2024-12-21T20:32:23.591400,379.8016221248401,69.06397329219193,0.5973207640802546,1,0,normal
2024-12-21T20:32:23.591400,1191.0370280913492,169.9364911711278,0.9561339527503291,4,1,dos_attack
2024-12-21T20:32:23.591400,556.8665452938017,45.91692391564486,0.49352998733286985,2,0,normal
2024-12-21T20:32:23.591400,528.8441007185029,64.01285198718149,0.613061383708112,0,0,normal
2024-12-21T20:32:23.591400,486.18574539663007,58.28941852307519,0.49839236950344523,2,0,normal
2024-12-21T20:32:23.591400,717.9003235446712,62.3700881653226,0.790338929452007,10,1,brute_force
2024-12-21T20:32:23.591400,664.2913975130747,47.4993370311629,0.4903417460935424,1,0,normal
2024-12-21T20:32:23.591400,528.1083008201336,55.76611492289693,0.5091187762359545,1,0,normal
2024-12-21T20:32:23.591400,1686.2695949230542,145.64261690853644,0.9692206545422841,2,1,dos_attack
2024-12-21T20:32:23.591400,644.253528633559,48.600163088174305,0.5902481315479036,1,0,normal
2024-12-21T20:32:23.591400,1669.8073926376496,139.04532808529495,0.9596428401922201,3,1,dos_attack
2024-12-21T20:32:23.591400,506.1765458717191,43.37545102132588,0.6483520514242888,1,0,normal
2024-12-21T20:32:23.591400,597.9408818537739,66.09531226245319,0.6628191802509542,11,1,brute_force
2024-12-21T20:32:23.591400,610.9839295738383,51.72986466953467,0.25258555190844734,1,0,normal
2024-12-21T20:32:23.591400,476.4100689819026,50.86422329669105,0.6185312463165311,0,0,normal
2024-12-21T20:32:23.591400,645.7426614889696,41.90692017438031,0.6970562547591803,0,0,normal
2024-12-21T20:32:23.591400,476.11072029253984,40.78432240969369,0.5615568050057205,8,1,brute_force
2024-12-21T20:32:23.591400,382.78215453407705,46.27606938597682,0.6021996638442707,2,0,normal
2024-12-21T20:32:23.591400,594.2606983207976,78.57142716651647,0.42878699275964854,2,0,normal
2024-12-21T20:32:23.591400,457.1137574321739,25.52561622308037,0.46233515970787237,0,0,normal
2024-12-21T20:32:23.591400,463.02771917801476,54.78456778057348,0.5131281974594034,1,0,normal
2024-12-21T20:32:23.591400,472.619044368875,49.12702279502742,0.5871285176671469,2,0,normal
2024-12-21T20:32:23.591400,1076.7255795490125,158.07035682703383,0.972634332774256,2,1,dos_attack
2024-12-21T20:32:23.591400,612.3250826344421,67.69716483693347,0.4266695305250427,2,0,normal
2024-12-21T20:32:23.591400,634.6731725061371,62.22550969760523,0.6963652854669538,9,1,brute_force
2024-12-21T20:32:23.591400,356.7043224110999,50.08038012453382,0.4360338024112432,2,0,normal
2024-12-21T20:32:23.591400,404.1687254778647,55.289121420132474,0.5840628250176851,0,0,normal
2024-12-21T20:32:23.591400,610.9081847485708,51.21261796870825,0.6560183579393961,14,1,brute_force
2024-12-21T20:32:23.591400,511.7114350931898,58.9214459106795,0.14111784931360022,0,0,normal
2024-12-21T20:32:23.591400,488.384248223399,36.37253970358607,0.621012683057358,2,0,normal
2024-12-21T20:32:23.591400,1177.0409390770212,145.26501157797742,0.959161732463594,3,1,dos_attack
2024-12-21T20:32:23.591400,1798.2732339228087,152.42612634236033,0.9760515185522946,2,1,dos_attack
2024-12-21T20:32:23.591400,475.2442054331731,37.13872186165199,0.5060979816127764,1,0,normal
2024-12-21T20:32:23.591400,573.5317593718355,61.275489372098654,0.5636343791618396,0,0,normal
2024-12-21T20:32:23.591400,1328.587474518611,125.83412082612855,0.9540835134579775,3,1,dos_attack
2024-12-21T20:32:23.591400,463.34421926903605,46.55208368068668,0.530980850192004,1,0,normal
2024-12-21T20:32:23.591400,545.4998349058618,65.46397075989574,0.567183021258131,1,0,normal
